{"cameraMode":{"drawMode":0,"name":"Shaded","section":"Shading Mode"},"sceneLighting":true,"audioPlay":false,"sceneViewState":{"showFog":false,"showMaterialUpdate":false,"showSkybox":false,"showFlares":false,"showImageEffects":false,"showParticleSystems":false},"in2DMode":false,"pivot":{"x":-0.03999999910593033,"y":3.0199999809265138,"z":-5.96999979019165},"rotation":{"x":0.15981075167655946,"y":-0.5716760158538818,"z":0.11469459533691406,"w":0.7965502738952637},"size":22.0,"orthographic":false}